{
"Reliable": "Reliable",
"Unreliable": "Unreliable",
"Oedema": "Oedema",
"VaricoseVein": "Varicose_vein",
"Normal": "Normal",
"Other": "Other",
"vial": "Vial",
"syrup": "Syrup",
"tab": "Tab",
"cap" :"Cap",
"cleanser": "Cleanser",
"powder": "Powder",
"vagSupp": "Vag_Supp",
"vagOvules": "Vag_Ovules",
"infusion": "infusion",
"suspension": "suspension",
"amp": "amp",
"sachet": "sachet",
"cream": "cream",
"ointment": "ointment",
"spray": "spray",
"eff_sachet": "eff_sachet",
"eff_tab": "eff_tab",
"nasal_spray": "nasal_spray",
"nasal_drops": "nasal_drops",
"eye_drops": "eye_drops",
"jel": "jel",
"film": "film",
"jelly": "jelly",
"jar": "jar",
"male":"male",
"female": "female",
"CS": "C.S",
"NL": "N.L",
"A_pos": "A+",
"A_ne": "A-",
"B_pos": "B+",
"B_ne": "B-",
"AB_pos": "AB+",
"AB_ne": "AB-",
"O_pos": "O+",
"O_ne": "O-",
"yes": "yes",
"no": "no",


  "PreSet": "Pre_set",
  "OpenPrice": "Open_price",
  "Unit": "Unit",
  "Size": "Size",
  "Raw": "Raw",
  "SemiFinished": "SemiFinished",
  "Applied": "applied",
  "NotApplied": "not_applied",
  "Fixed": "Fixed",
  "Variable": "Variable",
  "Material": "Material",
  "AlmostReady": "Almost_Ready",
  "Purchase": "Purchase",
  "Produce": "Produce",
  "Conversion": "Conversion",
  "OtherWard": "Other_Ward",
  "AnotherIssued": "Another_issued",
  "Expired": "Expired",
  "damaged": "damaged",
  "Consists": "Consists",
  "POSItem": "POSItem",
  "AssemplyItem": "AssemplyItem",
  "Active": "Active",
  "NotActive": "NotActive",
  "Card": "Card",
  "Others": "Others",
  "External": "External",
  "FIFO": "FIFO",
  "LIFO": "LIFO",
  "SERIAL": "SERIAL",
  "Owner": "owner",
  "Cashier": "Cashier",
  "Employee": "employee",
  "Waiter": "Waiter",
  "SERVICE" : "service",
  "Customer" : "Customer",
  "Saturday": "Saturday",
  "Sunday": "Sunday",
  "Monday": "Monday",
  "Tuesday": "Tuesday",
  "Wednesday": "Wednesday",
  "Thursday": "Thursday",
  "Friday": "Friday",
  "Yes": "Yes",
  "No": "No",
  "Amount": "Amount",
  "Percentage": "Percentage",
  "FixedPrice": "FixedPrice",
  "ReducePriceByAmount": "ReducePriceByAmount",
  "ReducePriceByPercentage": "ReducePriceByPercentage",
  "IncreasePriceByPercentage": "IncreasePriceByPercentage",
  "IncreasePriceByAmount": "IncreasePriceByAmount",
  "Activation": "Activation",
  "Deactivation": "Deactivation",
  "Cancelled": "Cancelled",
  "Completed": "Completed",
  "Hold": "Hold",
  "Add": "Add",
  "Withdraw": "Withdraw",
  "ProtectionTransfer": "ProtectionTransfer",
  "Local": "Local",
  "Receiving": "Receiving",
  "Delivering": "Delivering",
  "Car": "Car",
  "All": "All",
  "Notifier": "Notifier",
  "Display": "Display",
  "KDS": "KDS",
  "CASH": "Cash",
  "CREDITCARD": "CreditCard",
  "MASTERCARD": "MasterCard",
  "NETWORK": "Network",
  "POSTPONE": "Postpone",
  "Kitchen": "Kitchen",
  "Waiter" : "Waiter",
  "PosSetting": "PosSetting",
  "Printer": "Printer",
  "ReadyDelivering": "readyDelivering",
  "Delivered": "delivered",
  "R" : "R",
  "S" : "S",
  "T" : "T",
  "Done" : "done",
  "AUTO" : "AUTO",
  "MANUAL":"MANUAL"

}
